{"cameraMode":{"drawMode":0,"name":"Shaded","section":"Shading Mode"},"sceneLighting":false,"audioPlay":false,"sceneViewState":{"showFog":true,"showMaterialUpdate":false,"showSkybox":false,"showFlares":true,"showImageEffects":true,"showParticleSystems":true},"in2DMode":false,"pivot":{"x":-37.48998260498047,"y":77.74234008789063,"z":-139.31495666503907},"rotation":{"x":0.10901260375976563,"y":0.21590833365917207,"z":-0.024209989234805108,"w":0.9700452089309692},"size":8.211591720581055,"orthographic":false}