{"cameraMode":{"drawMode":0,"name":"Shaded","section":"Shading Mode"},"sceneLighting":false,"audioPlay":false,"sceneViewState":{"showFog":true,"showMaterialUpdate":false,"showSkybox":false,"showFlares":true,"showImageEffects":true,"showParticleSystems":true},"in2DMode":false,"pivot":{"x":-33.53755187988281,"y":89.96111297607422,"z":-133.43960571289063},"rotation":{"x":0.042880862951278689,"y":-0.014982129447162152,"z":0.0007383630145341158,"w":0.9990190863609314},"size":5.884373188018799,"orthographic":false}