{"cameraMode":{"drawMode":0,"name":"Shaded","section":"Shading Mode"},"sceneLighting":false,"audioPlay":false,"sceneViewState":{"showFog":true,"showMaterialUpdate":false,"showSkybox":false,"showFlares":true,"showImageEffects":true,"showParticleSystems":true},"in2DMode":false,"pivot":{"x":-7.823784351348877,"y":7.605473041534424,"z":-23.017301559448243},"rotation":{"x":0.09675272554159165,"y":0.8951197862625122,"z":-0.2370411604642868,"w":0.3651013672351837},"size":6.555574417114258,"orthographic":false}